[
    {
        "timestamp": "2026-01-01T00:00:00",
        "device_id": "DEV001",
        "temperature": 22.5,
        "humidity": 65.3,
        "pressure": 1013.2,
        "motion": 0,
        "anomaly": 0
    },
    {
        "timestamp": "2026-01-01T00:01:00",
        "device_id": "DEV001",
        "temperature": 22.7,
        "humidity": 65.1,
        "pressure": 1013.4,
        "motion": 0,
        "anomaly": 0
    },
    {
        "timestamp": "2026-01-01T00:02:00",
        "device_id": "DEV002",
        "temperature": 23.1,
        "humidity": 62.8,
        "pressure": 1012.9,
        "motion": 1,
        "anomaly": 0
    },
    {
        "timestamp": "2026-01-01T00:03:00",
        "device_id": "DEV001",
        "temperature": 22.9,
        "humidity": 64.9,
        "pressure": 1013.1,
        "motion": 0,
        "anomaly": 0
    },
    {
        "timestamp": "2026-01-01T00:04:00",
        "device_id": "DEV003",
        "temperature": 24.2,
        "humidity": 58.4,
        "pressure": 1011.5,
        "motion": 0,
        "anomaly": 0
    },
    {
        "timestamp": "2026-01-01T00:05:00",
        "device_id": "DEV002",
        "temperature": 23.3,
        "humidity": 63.2,
        "pressure": 1012.7,
        "motion": 0,
        "anomaly": 0
    },
    {
        "timestamp": "2026-01-01T00:06:00",
        "device_id": "DEV001",
        "temperature": 23.0,
        "humidity": 65.0,
        "pressure": 1013.0,
        "motion": 1,
        "anomaly": 0
    },
    {
        "timestamp": "2026-01-01T00:07:00",
        "device_id": "DEV004",
        "temperature": 25.1,
        "humidity": 55.2,
        "pressure": 1010.8,
        "motion": 0,
        "anomaly": 0
    },
    {
        "timestamp": "2026-01-01T00:08:00",
        "device_id": "DEV003",
        "temperature": 24.5,
        "humidity": 59.1,
        "pressure": 1011.2,
        "motion": 1,
        "anomaly": 0
    },
    {
        "timestamp": "2026-01-01T00:09:00",
        "device_id": "DEV002",
        "temperature": 23.6,
        "humidity": 62.5,
        "pressure": 1012.5,
        "motion": 0,
        "anomaly": 0
    },
    {
        "timestamp": "2026-01-01T00:10:00",
        "device_id": "DEV005",
        "temperature": 26.8,
        "humidity": 52.3,
        "pressure": 1009.5,
        "motion": 0,
        "anomaly": 1
    },
    {
        "timestamp": "2026-01-01T00:11:00",
        "device_id": "DEV001",
        "temperature": 23.2,
        "humidity": 64.8,
        "pressure": 1012.9,
        "motion": 0,
        "anomaly": 0
    },
    {
        "timestamp": "2026-01-01T00:12:00",
        "device_id": "DEV004",
        "temperature": 25.4,
        "humidity": 54.9,
        "pressure": 1010.6,
        "motion": 1,
        "anomaly": 0
    },
    {
        "timestamp": "2026-01-01T00:13:00",
        "device_id": "DEV003",
        "temperature": 24.8,
        "humidity": 58.7,
        "pressure": 1011.0,
        "motion": 0,
        "anomaly": 0
    },
    {
        "timestamp": "2026-01-01T00:14:00",
        "device_id": "DEV002",
        "temperature": 23.9,
        "humidity": 62.1,
        "pressure": 1012.3,
        "motion": 0,
        "anomaly": 0
    },
    {
        "timestamp": "2026-01-01T00:15:00",
        "device_id": "DEV005",
        "temperature": 27.2,
        "humidity": 51.8,
        "pressure": 1009.2,
        "motion": 0,
        "anomaly": 1
    },
    {
        "timestamp": "2026-01-01T00:16:00",
        "device_id": "DEV001",
        "temperature": 23.5,
        "humidity": 64.5,
        "pressure": 1012.7,
        "motion": 1,
        "anomaly": 0
    },
    {
        "timestamp": "2026-01-01T00:17:00",
        "device_id": "DEV004",
        "temperature": 25.7,
        "humidity": 54.5,
        "pressure": 1010.4,
        "motion": 0,
        "anomaly": 0
    },
    {
        "timestamp": "2026-01-01T00:18:00",
        "device_id": "DEV003",
        "temperature": 25.1,
        "humidity": 58.2,
        "pressure": 1010.8,
        "motion": 1,
        "anomaly": 0
    },
    {
        "timestamp": "2026-01-01T00:19:00",
        "device_id": "DEV002",
        "temperature": 24.2,
        "humidity": 61.8,
        "pressure": 1012.1,
        "motion": 0,
        "anomaly": 0
    },
    {
        "timestamp": "2026-01-01T00:20:00",
        "device_id": "DEV005",
        "temperature": 27.5,
        "humidity": 50.9,
        "pressure": 1008.9,
        "motion": 0,
        "anomaly": 1
    }
]

